replication,seed,method,coverage,mean_width,median_width,low_coverage,high_coverage,low_mean_width,high_mean_width,width_ratio,coverage_error,coverage_imbalance,width_ratio_error_vs_oracle,winkler,ramp_coverage_diag,ramp_mean_width_diag,q,q_A,q_R,q_OA,q_OR,quantile_crossing_frac_diag,spearman_s_sigma_test_diag,spearman_s_sigma_d2_diag,d2_raw_coverage_diag,final_train_pinball,d1_val_pinball,elapsed_s
0,1000,M0 Raw Quantile,0.6641666666666667,1.3703448982878277,1.3904125653207302,0.986,0.32,1.4157861453145741,1.3596525361016392,0.9603516326256586,0.23583333333333334,0.6659999999999999,4.039648367374341,6.739973414064966,0.72,1.2834726861864327,0.9472363528283676,1.1204278928460334,2.2423019774199595,0.9550627189137344,2.069543332488134,0.0,0.2926532348744199,0.3290758181193705,0.6833333333333333,0.19480176270008087,0.1943902224302292,10.787932899984298
0,1000,M1 Standard CQR,0.8845833333333334,3.2648176039445627,3.2848852709774654,1.0,0.733,3.3102588509713105,3.2541252417583757,0.983042531795825,0.015416666666666634,0.267,4.016957468204175,4.536967873751388,0.975,3.1779453918431684,0.9472363528283676,1.1204278928460334,2.2423019774199595,0.9550627189137344,2.069543332488134,0.0,0.2926532348744199,0.3290758181193705,0.6833333333333333,0.19480176270008087,0.1943902224302292,10.788872200006153
0,1000,M2 Scaled Additive CQR,0.88625,3.1306990997825466,3.357542163762121,1.0,0.761,2.946036367643929,3.4639768532510513,1.1758092640320463,0.01375000000000004,0.239,3.824190735967954,4.191845210308328,0.915,2.7591615464578307,0.9472363528283676,1.1204278928460334,2.2423019774199595,0.9550627189137344,2.069543332488134,0.0,0.2926532348744199,0.3290758181193705,0.6833333333333333,0.19480176270008087,0.1943902224302292,10.789778799982741
0,1000,M3 Replacement CQR,0.9016666666666666,3.522980579271927,4.039166082377851,0.991,0.841,3.0624756143481373,4.211364789831631,1.3751504730685147,0.0016666666666665941,0.15000000000000002,3.6248495269314853,4.425828297876663,0.83,2.9532824651821374,0.9472363528283676,1.1204278928460334,2.2423019774199595,0.9550627189137344,2.069543332488134,0.0,0.2926532348744199,0.3290758181193705,0.6833333333333333,0.19480176270008087,0.1943902224302292,10.79068589999224
0,1000,Oracle Additive CQR,0.8804166666666666,2.516420160984309,2.4021876622630356,0.999,0.737,1.7978112328800688,3.269777973929107,1.8187548915750003,0.019583333333333397,0.262,3.1812451084249997,3.7868858823342135,0.9425,2.4295479488829144,0.9472363528283676,1.1204278928460334,2.2423019774199595,0.9550627189137344,2.069543332488134,0.0,0.2926532348744199,0.3290758181193705,0.6833333333333333,0.19480176270008087,0.1943902224302292,10.791588799998863
0,1000,Oracle Replacement CQR,0.8808333333333334,2.483451998985761,2.4834519989857604,0.874,0.856,0.8278173329952538,4.1390866649762685,4.999999999999999,0.019166666666666665,0.018000000000000016,8.881784197001252e-16,3.1362484097877408,0.96,2.4834519989857604,0.9472363528283676,1.1204278928460334,2.2423019774199595,0.9550627189137344,2.069543332488134,0.0,0.2926532348744199,0.3290758181193705,0.6833333333333333,0.19480176270008087,0.1943902224302292,10.792406599997776
1,1001,M0 Raw Quantile,0.6729166666666667,1.4113643238445124,1.4481027871370316,0.966,0.385,1.45266022336483,1.369674332022667,0.9428731578056561,0.2270833333333333,0.581,4.057126842194344,6.374913859009462,0.66,1.4123495545983316,0.9661843961910976,1.1910231587082016,2.7067351685100354,1.052751404071957,2.7253730565206373,0.0,0.3019602634082137,0.262766321157124,0.675,0.1943117082118988,0.18898718059062958,11.917612199991709
1,1001,M1 Standard CQR,0.89875,3.3437331162267077,3.3804715795192273,1.0,0.776,3.385029015747025,3.302043124404861,0.9754844372216259,0.0012499999999999734,0.22399999999999998,4.024515562778374,4.573723384371775,0.9525,3.344718346980526,0.9661843961910976,1.1910231587082016,2.7067351685100354,1.052751404071957,2.7253730565206373,0.0,0.3019602634082137,0.262766321157124,0.675,0.1943117082118988,0.18898718059062958,11.918569400004344
1,1001,M2 Scaled Additive CQR,0.90375,3.2604872946518784,3.4799056663052657,0.999,0.823,3.0450116722734486,3.5835901906791032,1.1768723986544014,0.003750000000000031,0.17600000000000005,3.8231276013455986,4.249169956131205,0.8675,2.9914191105298893,0.9661843961910976,1.1910231587082016,2.7067351685100354,1.052751404071957,2.7253730565206373,0.0,0.3019602634082137,0.262766321157124,0.675,0.1943117082118988,0.18898718059062958,11.919558299996424
1,1001,M3 Replacement CQR,0.8916666666666667,4.202341608044491,4.771538052465518,0.916,0.923,3.618799211313093,5.031374806554552,1.3903437335858435,0.008333333333333304,0.007000000000000006,3.6096562664141567,4.979141113573359,0.7525,3.5886146035978324,0.9661843961910976,1.1910231587082016,2.7067351685100354,1.052751404071957,2.7253730565206373,0.0,0.3019602634082137,0.262766321157124,0.675,0.1943117082118988,0.18898718059062958,11.920508900017012
1,1001,Oracle Additive CQR,0.9016666666666666,2.6746660087308607,2.648645217916008,0.997,0.795,1.8737607849936133,3.47517714016658,1.8546535758450218,0.0016666666666665941,0.20199999999999996,3.1453464241549782,3.7550002027819014,0.93,2.67565123948468,0.9661843961910976,1.1910231587082016,2.7067351685100354,1.052751404071957,2.7253730565206373,0.0,0.3019602634082137,0.262766321157124,0.675,0.1943117082118988,0.18898718059062958,11.92146889999276
1,1001,Oracle Replacement CQR,0.8979166666666667,3.2704476678247647,3.2704476678247647,0.819,0.96,1.090149222608255,5.4507461130412755,5.000000000000001,0.002083333333333326,0.14100000000000001,8.881784197001252e-16,3.594961974184248,0.94,3.2704476678247647,0.9661843961910976,1.1910231587082016,2.7067351685100354,1.052751404071957,2.7253730565206373,0.0,0.3019602634082137,0.262766321157124,0.675,0.1943117082118988,0.18898718059062958,11.922371799999382
2,1002,M0 Raw Quantile,0.7570833333333333,1.7708947441354395,1.748064547777176,0.999,0.482,1.677909256130457,1.8747541252672673,1.117315563054207,0.1429166666666667,0.517,3.8826844369457927,5.536459301241597,0.84,1.743710011318326,0.8217428934606419,0.8840250684696271,2.4299965626722804,0.8355581031613522,2.2331268888145797,0.0,0.31124440114197793,0.3397608587355166,0.7558333333333334,0.18836478888988495,0.179740309715271,15.72487179999007
2,1002,M1 Standard CQR,0.9095833333333333,3.414380531056722,3.3915503346984597,1.0,0.789,3.3213950430517394,3.5182399121885495,1.0592657201523208,0.009583333333333277,0.21099999999999997,3.940734279847679,4.534123458770914,0.985,3.387195798239609,0.8217428934606419,0.8840250684696271,2.4299965626722804,0.8355581031613522,2.2331268888145797,0.0,0.31124440114197793,0.3397608587355166,0.7558333333333334,0.18836478888988495,0.179740309715271,15.725511199998436
2,1002,M2 Scaled Additive CQR,0.9066666666666666,3.1501587521100474,3.289576890181554,1.0,0.793,2.8557553914897866,3.5369945037420027,1.2385495320370659,0.006666666666666599,0.20699999999999996,3.761450467962934,4.1909109105897615,0.9575,2.919077774580811,0.8217428934606419,0.8840250684696271,2.4299965626722804,0.8355581031613522,2.2331268888145797,0.0,0.31124440114197793,0.3397608587355166,0.7558333333333334,0.18836478888988495,0.179740309715271,15.72768619999988
2,1002,M3 Replacement CQR,0.8966666666666666,3.791302891667989,4.260563057063591,0.952,0.872,3.2376480739791798,4.56914464317304,1.4112542619733854,0.0033333333333334103,0.07999999999999996,3.5887457380266143,4.657964796948267,0.82,3.2308355571273877,0.8217428934606419,0.8840250684696271,2.4299965626722804,0.8355581031613522,2.2331268888145797,0.0,0.31124440114197793,0.3397608587355166,0.7558333333333334,0.18836478888988495,0.179740309715271,15.729333499999484
2,1002,Oracle Additive CQR,0.9095833333333333,2.773564467929062,2.7492944430602173,1.0,0.794,2.0121324973949983,3.545870331589973,1.7622449496644104,0.009583333333333277,0.20599999999999996,3.23775505033559,3.8750924500827653,0.9725,2.746379735111949,0.8217428934606419,0.8840250684696271,2.4299965626722804,0.8355581031613522,2.2331268888145797,0.0,0.31124440114197793,0.3397608587355166,0.7558333333333334,0.18836478888988495,0.179740309715271,15.729919899982633
2,1002,Oracle Replacement CQR,0.895,2.6797522665774953,2.6797522665774958,0.871,0.896,0.8932507555258321,4.466253777629161,5.000000000000001,0.0050000000000000044,0.025000000000000022,8.881784197001252e-16,3.293228997931786,0.9525,2.6797522665774953,0.8217428934606419,0.8840250684696271,2.4299965626722804,0.8355581031613522,2.2331268888145797,0.0,0.31124440114197793,0.3397608587355166,0.7558333333333334,0.18836478888988495,0.179740309715271,15.730637699976796
3,1003,M0 Raw Quantile,0.6545833333333333,1.1141387007478625,1.1335068456828594,0.988,0.312,1.1383826361112297,1.0950129748098552,0.9619023868375862,0.24541666666666673,0.6759999999999999,4.038097613162414,6.775214769314639,0.6775,1.1013431771844626,1.1199110584250829,1.3611304035723684,2.3093166157051694,1.143744933781789,2.0092619498359703,0.0,0.27705574174880804,0.31346321307656844,0.6379166666666667,0.20548224449157715,0.19703464210033417,16.742964999983087
3,1003,M1 Standard CQR,0.9016666666666666,3.353960817598028,3.3733289625330247,1.0,0.774,3.378204752961394,3.33483509166002,0.9871619204657872,0.0016666666666665941,0.22599999999999998,4.0128380795342125,4.617065704675411,0.975,3.341165294034628,1.1199110584250829,1.3611304035723684,2.3093166157051694,1.143744933781789,2.0092619498359703,0.0,0.27705574174880804,0.31346321307656844,0.6379166666666667,0.20548224449157715,0.19703464210033417,16.743832799984375
3,1003,M2 Scaled Additive CQR,0.9116666666666666,3.1903408132747546,3.3810567291342215,1.0,0.809,2.9527214579202576,3.548216418675984,1.2016766461863158,0.011666666666666603,0.19099999999999995,3.798323353813684,4.184070702633996,0.9475,2.889700188157924,1.1199110584250829,1.3611304035723684,2.3093166157051694,1.143744933781789,2.0092619498359703,0.0,0.27705574174880804,0.31346321307656844,0.6379166666666667,0.20548224449157715,0.19703464210033417,16.744794600002933
3,1003,M3 Replacement CQR,0.89875,3.522519240946194,3.900316835800811,0.983,0.845,3.0782376006927263,4.162146007286647,1.3521197994430312,0.0012499999999999734,0.138,3.647880200556969,4.422797945391817,0.8225,3.0341564257287335,1.1199110584250829,1.3611304035723684,2.3093166157051694,1.143744933781789,2.0092619498359703,0.0,0.27705574174880804,0.31346321307656844,0.6379166666666667,0.20548224449157715,0.19703464210033417,16.74571219997597
3,1003,Oracle Additive CQR,0.9,2.48663262128601,2.495731977436264,1.0,0.776,1.5958806096239455,3.382502842373434,2.1195212360970346,0.0,0.22399999999999998,2.8804787639029654,3.718717701241005,0.96,2.47383709772261,1.1199110584250829,1.3611304035723684,2.3093166157051694,1.143744933781789,2.0092619498359703,0.0,0.27705574174880804,0.31346321307656844,0.6379166666666667,0.20548224449157715,0.19703464210033417,16.746467099990696
3,1003,Oracle Replacement CQR,0.89375,2.4111143398031647,2.4111143398031643,0.911,0.855,0.8037047799343884,4.018523899671941,4.999999999999998,0.006249999999999978,0.05600000000000005,1.7763568394002505e-15,3.1582422120314426,0.9475,2.4111143398031643,1.1199110584250829,1.3611304035723684,2.3093166157051694,1.143744933781789,2.0092619498359703,0.0,0.27705574174880804,0.31346321307656844,0.6379166666666667,0.20548224449157715,0.19703464210033417,16.747564199991757
4,1004,M0 Raw Quantile,0.5808333333333333,0.9249607590632514,1.0274618417024612,0.963,0.198,1.1540797606147826,0.6855990294143558,0.5940655514564562,0.3191666666666667,0.7649999999999999,4.405934448543544,8.105551333227028,0.5825,0.9505675793066621,1.3425795951951085,1.5629692142784357,2.1732475154736703,1.3782491830937453,2.2009813266172666,0.0,0.3366048380794706,0.34378851318663917,0.5841666666666666,0.23613423109054565,0.2181340903043747,16.735929699992994
4,1004,M1 Standard CQR,0.9033333333333333,3.610119949453468,3.7126210320926782,1.0,0.776,3.8392389510049987,3.3707582198045722,0.8779756255916834,0.0033333333333332993,0.22399999999999998,4.1220243744083165,4.6805639373530825,0.98,3.635726769696879,1.3425795951951085,1.5629692142784357,2.1732475154736703,1.3782491830937453,2.2009813266172666,0.0,0.3366048380794706,0.34378851318663917,0.5841666666666666,0.23613423109054565,0.2181340903043747,16.736431400000583
4,1004,M2 Scaled Additive CQR,0.90625,3.305608998599707,3.5567540986318975,1.0,0.811,3.1927216609720275,3.5652109382211785,1.1166682588721957,0.006249999999999978,0.18899999999999995,3.8833317411278045,4.205456472799916,0.91,2.9388224936152256,1.3425795951951085,1.5629692142784357,2.1732475154736703,1.3782491830937453,2.2009813266172666,0.0,0.3366048380794706,0.34378851318663917,0.5841666666666666,0.23613423109054565,0.2181340903043747,16.736907599988626
4,1004,M3 Replacement CQR,0.8883333333333333,3.310198194900397,3.741638549960931,0.974,0.84,2.834651766917424,4.003987646827679,1.412514825827041,0.011666666666666714,0.134,3.5874851741729588,4.272099123434635,0.795,2.764590635039623,1.3425795951951085,1.5629692142784357,2.1732475154736703,1.3782491830937453,2.2009813266172666,0.0,0.3366048380794706,0.34378851318663917,0.5841666666666666,0.23613423109054565,0.2181340903043747,16.73736159998225
4,1004,Oracle Additive CQR,0.9058333333333334,2.5788597787757452,2.5462577251139153,0.999,0.789,1.7053794338522807,3.4420973956018472,2.018376278777149,0.005833333333333357,0.20999999999999996,2.981623721222851,3.6056251436012765,0.965,2.604466599019156,1.3425795951951085,1.5629692142784357,2.1732475154736703,1.3782491830937453,2.2009813266172666,0.0,0.3366048380794706,0.34378851318663917,0.5841666666666666,0.23613423109054565,0.2181340903043747,16.73956129999715
4,1004,Oracle Replacement CQR,0.9116666666666666,2.6411775919407203,2.64117759194072,0.906,0.903,0.8803925306469066,4.401962653234533,5.0,0.011666666666666603,0.0030000000000000027,0.0,3.0909574368958688,0.9475,2.64117759194072,1.3425795951951085,1.5629692142784357,2.1732475154736703,1.3782491830937453,2.2009813266172666,0.0,0.3366048380794706,0.34378851318663917,0.5841666666666666,0.23613423109054565,0.2181340903043747,16.74191849998897
5,1005,M0 Raw Quantile,0.7325,2.215026402808726,2.435318738222122,1.0,0.418,2.480367965757847,1.9529016596376896,0.7873435258792354,0.16749999999999998,0.5820000000000001,4.212656474120765,6.898642774594621,0.85,2.206984353363514,1.0656203148749148,0.9886216977876617,2.746978267220445,1.0656203148749148,2.811857202846463,0.0,0.30774908978616045,0.3644081844813151,0.7433333333333333,0.2203524261713028,0.23392416536808014,14.25008070000331
5,1005,M1 Standard CQR,0.91375,4.346267032558555,4.566559367971951,1.0,0.798,4.611608595507674,4.084142289387518,0.8856220567734264,0.013749999999999929,0.20199999999999996,4.1143779432265735,5.412432533115774,0.9875,4.338224983113342,1.0656203148749148,0.9886216977876617,2.746978267220445,1.0656203148749148,2.811857202846463,0.0,0.30774908978616045,0.3644081844813151,0.7433333333333333,0.2203524261713028,0.23392416536808014,14.250797499989858
5,1005,M2 Scaled Additive CQR,0.9016666666666666,3.7459337620660578,3.7705145834621896,1.0,0.778,3.798337260098658,3.7969804837862338,0.999642797303263,0.0016666666666665941,0.22199999999999998,4.000357202696737,4.853919238138998,0.965,3.487308212684113,1.0656203148749148,0.9886216977876617,2.746978267220445,1.0656203148749148,2.811857202846463,0.0,0.30774908978616045,0.3644081844813151,0.7433333333333333,0.2203524261713028,0.23392416536808014,14.251471800002037
5,1005,M3 Replacement CQR,0.8879166666666667,4.25376992475333,4.732967008138752,0.924,0.897,3.662101506086586,5.123946262067065,1.399181932437106,0.012083333333333335,0.027000000000000024,3.6008180675628942,5.033990364694906,0.775,3.557500128135853,1.0656203148749148,0.9886216977876617,2.746978267220445,1.0656203148749148,2.811857202846463,0.0,0.30774908978616045,0.3644081844813151,0.7433333333333333,0.2203524261713028,0.23392416536808014,14.252112999995006
5,1005,Oracle Additive CQR,0.9129166666666667,3.493770780658624,3.2960002394890804,1.0,0.798,2.9066160917078143,4.084142289387518,1.405119272902613,0.012916666666666687,0.20199999999999996,3.594880727097387,4.564958370825653,0.9825,3.485728731213412,1.0656203148749148,0.9886216977876617,2.746978267220445,1.0656203148749148,2.811857202846463,0.0,0.30774908978616045,0.3644081844813151,0.7433333333333333,0.2203524261713028,0.23392416536808014,14.252791600010823
5,1005,Oracle Replacement CQR,0.9233333333333333,3.374228643415756,3.3742286434157553,0.881,0.948,1.1247428811385856,5.623714405692924,4.9999999999999964,0.023333333333333317,0.06699999999999995,3.552713678800501e-15,3.687840978002688,0.9675,3.3742286434157553,1.0656203148749148,0.9886216977876617,2.746978267220445,1.0656203148749148,2.811857202846463,0.0,0.30774908978616045,0.3644081844813151,0.7433333333333333,0.2203524261713028,0.23392416536808014,14.25343119999161
6,1006,M0 Raw Quantile,0.5195833333333333,1.2277817393032213,1.2121274769306183,0.649,0.367,1.0511290164738893,1.396825138628483,1.3288807717574609,0.38041666666666674,0.28200000000000003,3.671119228242539,6.709647755993744,0.5775,1.2468050480633974,1.0802630706518797,1.4138704703200156,2.7619434638007756,1.3451481590333256,3.157783215176818,0.0,0.3364822414779797,0.3352378196822171,0.5216666666666666,0.21012021601200104,0.19497479498386383,12.303142699995078
6,1006,M1 Standard CQR,0.9145833333333333,3.388307880606981,3.3726536182343776,1.0,0.815,3.21165515777765,3.5573512799322433,1.107637995105864,0.014583333333333282,0.18500000000000005,3.892362004894136,4.3250622586156044,0.95,3.4073311893671576,1.0802630706518797,1.4138704703200156,2.7619434638007756,1.3451481590333256,3.157783215176818,0.0,0.3364822414779797,0.3352378196822171,0.5216666666666666,0.21012021601200104,0.19497479498386383,12.303830299992114
6,1006,M2 Scaled Additive CQR,0.9079166666666667,3.4089954824207522,3.697109651978857,0.98,0.866,2.902653179375092,4.040712656625374,1.3920755966771383,0.007916666666666683,0.11399999999999999,3.607924403322862,4.276318149780998,0.8325,3.0955583045233515,1.0802630706518797,1.4138704703200156,2.7619434638007756,1.3451481590333256,3.157783215176818,0.0,0.3364822414779797,0.3352378196822171,0.5216666666666666,0.21012021601200104,0.19497479498386383,12.304590899992036
6,1006,M3 Replacement CQR,0.9004166666666666,4.260920054149182,4.839279325942943,0.917,0.93,3.616883701260639,5.16473609333051,1.4279519387174042,0.0004166666666666208,0.013000000000000012,3.5720480612825956,5.032757374383971,0.785,3.6114708384172136,1.0802630706518797,1.4138704703200156,2.7619434638007756,1.3451481590333256,3.157783215176818,0.0,0.3364822414779797,0.3352378196822171,0.5216666666666666,0.21012021601200104,0.19497479498386383,12.305867199989734
6,1006,Oracle Additive CQR,0.9170833333333334,2.841959530143212,2.8473002737358417,0.946,0.885,1.58918828008722,4.087121456695134,2.5718295987375512,0.01708333333333334,0.06099999999999994,2.4281704012624488,3.4956282559350513,0.925,2.8609828389033876,1.0802630706518797,1.4138704703200156,2.7619434638007756,1.3451481590333256,3.157783215176818,0.0,0.3364822414779797,0.3352378196822171,0.5216666666666666,0.21012021601200104,0.19497479498386383,12.306782300001942
6,1006,Oracle Replacement CQR,0.9108333333333334,3.7893398582121804,3.7893398582121813,0.81,0.984,1.263113286070727,6.315566430353637,5.000000000000001,0.010833333333333361,0.17399999999999993,8.881784197001252e-16,4.047043650309697,0.98,3.7893398582121813,1.0802630706518797,1.4138704703200156,2.7619434638007756,1.3451481590333256,3.157783215176818,0.0,0.3364822414779797,0.3352378196822171,0.5216666666666666,0.21012021601200104,0.19497479498386383,12.307534699997632
7,1007,M0 Raw Quantile,0.19416666666666665,0.5070704599423334,0.5247104149311781,0.25,0.112,0.6168286803513765,0.40229553224146364,0.652199784245272,0.7058333333333333,0.138,4.347800215754728,11.72211812863679,0.26,0.4946122281718999,1.5379485169490799,2.310224081573819,3.3266018000839885,2.218672952199916,3.3211627980024736,0.0,0.29584331600841857,0.28899592799015145,0.18041666666666667,0.31476709246635437,0.29822203516960144,14.836733200005256
7,1007,M1 Standard CQR,0.8929166666666667,3.5829674938404925,3.6006074488293383,1.0,0.754,3.6927257142495353,3.4781925661396227,0.9419038497004883,0.00708333333333333,0.246,4.058096150299511,4.892130142483308,0.9725,3.570509262070059,1.5379485169490799,2.310224081573819,3.3266018000839885,2.218672952199916,3.3211627980024736,0.0,0.29584331600841857,0.28899592799015145,0.18041666666666667,0.31476709246635437,0.29822203516960144,14.839681699988432
7,1007,M2 Scaled Additive CQR,0.8958333333333334,4.127506554365387,4.5586003905177215,0.929,0.901,3.7474523539539257,4.72395151366395,1.2605768045802432,0.004166666666666652,0.028000000000000025,3.7394231954197568,4.851295567262347,0.8,3.5865296571476346,1.5379485169490799,2.310224081573819,3.3266018000839885,2.218672952199916,3.3211627980024736,0.0,0.29584331600841857,0.28899592799015145,0.18041666666666667,0.31476709246635437,0.29822203516960144,14.84050729998853
7,1007,M3 Replacement CQR,0.90875,5.213238544631602,5.886376590841159,0.905,0.959,4.507934287005232,6.222958492125996,1.3804456977255788,0.008749999999999925,0.05399999999999994,3.6195543022744214,5.791155681423705,0.7925,4.452199319961544,1.5379485169490799,2.310224081573819,3.3266018000839885,2.218672952199916,3.3211627980024736,0.0,0.29584331600841857,0.28899592799015145,0.18041666666666667,0.31476709246635437,0.29822203516960144,14.841195899993181
7,1007,Oracle Additive CQR,0.9,3.1694780025822333,3.136594747254181,0.876,0.909,1.5042978612313431,4.839641436641297,3.2172095443117947,0.0,0.03300000000000003,1.7827904556882053,3.689185066650433,0.9375,3.1570197708117997,1.5379485169490799,2.310224081573819,3.3266018000839885,2.218672952199916,3.3211627980024736,0.0,0.29584331600841857,0.28899592799015145,0.18041666666666667,0.31476709246635437,0.29822203516960144,14.841890600015176
7,1007,Oracle Replacement CQR,0.8966666666666666,3.985395357602968,3.985395357602968,0.788,0.985,1.3284651192009898,6.642325596004948,4.999999999999999,0.0033333333333334103,0.19699999999999995,8.881784197001252e-16,4.2743504744596175,0.9475,3.985395357602968,1.5379485169490799,2.310224081573819,3.3266018000839885,2.218672952199916,3.3211627980024736,0.0,0.29584331600841857,0.28899592799015145,0.18041666666666667,0.31476709246635437,0.29822203516960144,14.843818800000008
8,1008,M0 Raw Quantile,0.72,1.6624927300959826,1.7423511445522308,0.999,0.42,1.750106508642435,1.5632142663896085,0.8932109324033086,0.18000000000000005,0.579,4.106789067596692,6.354857625618241,0.7725,1.6916544429957867,0.8847432944232523,1.010070579507464,2.7444190321562756,0.8979892723016408,2.4962727691051327,0.0,0.2906481720915147,0.3202465162410369,0.7220833333333333,0.19464245438575745,0.20074479281902313,13.805075600015698
8,1008,M1 Standard CQR,0.88875,3.4319793189424868,3.5118377333987354,1.0,0.751,3.5195930974889396,3.332700855236113,0.9468994747187778,0.011249999999999982,0.249,4.053100525281222,4.801243212813225,0.955,3.461141031842291,0.8847432944232523,1.010070579507464,2.7444190321562756,0.8979892723016408,2.4962727691051327,0.0,0.2906481720915147,0.3202465162410369,0.7220833333333333,0.19464245438575745,0.20074479281902313,13.805813500017393
8,1008,M2 Scaled Additive CQR,0.89375,3.2621477418927394,3.4544796065017382,1.0,0.78,3.1375648964067153,3.4723321398100424,1.106696516074207,0.006249999999999978,0.21999999999999997,3.893303483925793,4.411390328709267,0.9125,3.0481438608145424,0.8847432944232523,1.010070579507464,2.7444190321562756,0.8979892723016408,2.4962727691051327,0.0,0.2906481720915147,0.3202465162410369,0.7220833333333333,0.19464245438575745,0.20074479281902313,13.807415400020545
8,1008,M3 Replacement CQR,0.8991666666666667,4.346353362158045,4.968204331742642,0.94,0.918,3.769803103820642,5.1871815027021455,1.3759820764763577,0.0008333333333333526,0.02199999999999991,3.6240179235236423,5.0821979993768975,0.75,3.6856586566412988,0.8847432944232523,1.010070579507464,2.7444190321562756,0.8979892723016408,2.4962727691051327,0.0,0.2906481720915147,0.3202465162410369,0.7220833333333333,0.19464245438575745,0.20074479281902313,13.810003699996741
8,1008,Oracle Additive CQR,0.88875,2.7400798568579514,2.791975611331761,1.0,0.755,2.10930221756309,3.3591928109928886,1.5925611716626442,0.011249999999999982,0.245,3.407438828337356,4.099849850700181,0.945,2.7692415697577557,0.8847432944232523,1.010070579507464,2.7444190321562756,0.8979892723016408,2.4962727691051327,0.0,0.2906481720915147,0.3202465162410369,0.7220833333333333,0.19464245438575745,0.20074479281902313,13.812808500020765
8,1008,Oracle Replacement CQR,0.89375,2.995527322926159,2.995527322926159,0.853,0.925,0.9985091076420534,4.9925455382102655,4.999999999999998,0.006249999999999978,0.07200000000000006,1.7763568394002505e-15,3.478889620512488,0.9175,2.995527322926159,0.8847432944232523,1.010070579507464,2.7444190321562756,0.8979892723016408,2.4962727691051327,0.0,0.2906481720915147,0.3202465162410369,0.7220833333333333,0.19464245438575745,0.20074479281902313,13.815411400020821
9,1009,M0 Raw Quantile,0.7066666666666667,1.5312098154922327,1.5336093604564667,0.96,0.435,1.6119058934748174,1.4482411434054374,0.8984650712352912,0.19333333333333336,0.5249999999999999,4.101534928764709,5.394382769819325,0.7525,1.536891300752759,0.8520364821633621,1.048837107086858,2.6112353686038707,0.8903810163622683,2.9306726895389184,0.0,0.3127358581989513,0.2737269196048917,0.69125,0.1811254471540451,0.18209999799728394,15.012771999987308
9,1009,M1 Standard CQR,0.9125,3.2352827798189567,3.237682324783191,1.0,0.805,3.315978857801542,3.152314107732162,0.9506436086936066,0.012499999999999956,0.19499999999999995,4.049356391306393,4.225291522520253,0.9625,3.2409642650794837,0.8520364821633621,1.048837107086858,2.6112353686038707,0.8903810163622683,2.9306726895389184,0.0,0.3127358581989513,0.2737269196048917,0.69125,0.1811254471540451,0.18209999799728394,15.013352399982978
9,1009,M2 Scaled Additive CQR,0.90875,3.110266715223871,3.343499584294478,1.0,0.822,2.9736350634023583,3.3440365354357344,1.1245618457328694,0.008749999999999925,0.17800000000000005,3.8754381542671306,4.018228913181571,0.8975,2.8674212942479977,0.8520364821633621,1.048837107086858,2.6112353686038707,0.8903810163622683,2.9306726895389184,0.0,0.3127358581989513,0.2737269196048917,0.69125,0.1811254471540451,0.18209999799728394,15.01396039998508
9,1009,M3 Replacement CQR,0.9033333333333333,3.9312960971314737,4.466111333337027,0.941,0.919,3.3902265155840987,4.7198635001152685,1.3921970931497147,0.0033333333333332993,0.02199999999999991,3.607802906850285,4.619720377401819,0.77,3.3125515435404247,0.8520364821633621,1.048837107086858,2.6112353686038707,0.8903810163622683,2.9306726895389184,0.0,0.3127358581989513,0.2737269196048917,0.69125,0.1811254471540451,0.18209999799728394,15.01454050000757
9,1009,Oracle Additive CQR,0.9104166666666667,2.599667035126955,2.6063088278605777,0.994,0.814,1.9680583000197247,3.2290031761299742,1.6407050421715716,0.01041666666666663,0.18000000000000005,3.3592949578284284,3.555506305008799,0.9425,2.6053485203874813,0.8520364821633621,1.048837107086858,2.6112353686038707,0.8903810163622683,2.9306726895389184,0.0,0.3127358581989513,0.2737269196048917,0.69125,0.1811254471540451,0.18209999799728394,15.015116599999601
9,1009,Oracle Replacement CQR,0.9008333333333334,3.5168072274467024,3.5168072274467015,0.796,0.984,1.1722690758155672,5.861345379077837,5.000000000000001,0.0008333333333333526,0.18799999999999994,8.881784197001252e-16,3.8264709175924834,0.955,3.5168072274467015,0.8520364821633621,1.048837107086858,2.6112353686038707,0.8903810163622683,2.9306726895389184,0.0,0.3127358581989513,0.2737269196048917,0.69125,0.1811254471540451,0.18209999799728394,15.015664599981392
10,1010,M0 Raw Quantile,0.5954166666666667,1.1138725729907553,1.1428117379546165,0.953,0.219,1.2992697303295135,0.9187476353049279,0.7071261754646745,0.3045833333333333,0.734,4.2928738245353255,8.549939026687866,0.6425,1.138192023858428,1.2700832207065331,1.4648000976910736,2.5607198942947016,1.3233695306074291,2.571343474502311,0.0,0.3343915523195668,0.3121861035468836,0.6008333333333333,0.2389255166053772,0.25757327675819397,15.454036400013138
10,1010,M1 Standard CQR,0.885,3.6540390144038217,3.682978179367683,1.0,0.733,3.839436171742579,3.4589140767179933,0.9008911522412728,0.015000000000000013,0.267,4.099108847758727,5.096654534184987,0.9775,3.678358465271494,1.2700832207065331,1.4648000976910736,2.5607198942947016,1.3233695306074291,2.571343474502311,0.0,0.3343915523195668,0.3121861035468836,0.6008333333333333,0.2389255166053772,0.25757327675819397,15.455246900004568
10,1010,M2 Scaled Additive CQR,0.8866666666666667,3.377986001911797,3.646548819768034,0.999,0.766,3.224006403283527,3.6595856649647085,1.1351049617139595,0.013333333333333308,0.23299999999999998,3.8648950382860408,4.563125902729244,0.9075,3.0589358408501925,1.2700832207065331,1.4648000976910736,2.5607198942947016,1.3233695306074291,2.571343474502311,0.0,0.3343915523195668,0.3121861035468836,0.6008333333333333,0.2389255166053772,0.25757327675819397,15.4561816000205
10,1010,M3 Replacement CQR,0.8970833333333333,3.9580556483555425,4.420272791750081,0.946,0.88,3.364767313629306,4.791451393710582,1.4240067580014695,0.0029166666666666785,0.06599999999999995,3.5759932419985305,4.755749641797121,0.8175,3.357787121783536,1.2700832207065331,1.4648000976910736,2.5607198942947016,1.3233695306074291,2.571343474502311,0.0,0.3343915523195668,0.3121861035468836,0.6008333333333333,0.2389255166053772,0.25757327675819397,15.457287600002019
10,1010,Oracle Additive CQR,0.88875,2.70191600971967,2.741884343646964,0.999,0.751,1.828617542572485,3.5654866965197867,1.9498263652791428,0.011249999999999982,0.248,3.0501736347208572,4.040457520040947,0.9575,2.726235460587343,1.2700832207065331,1.4648000976910736,2.5607198942947016,1.3233695306074291,2.571343474502311,0.0,0.3343915523195668,0.3121861035468836,0.6008333333333333,0.2389255166053772,0.25757327675819397,15.458276799996383
10,1010,Oracle Replacement CQR,0.9029166666666667,3.085612169402773,3.085612169402773,0.86,0.92,1.0285373898009242,5.142686949004621,5.0,0.0029166666666666785,0.06000000000000005,0.0,3.495355928766415,0.9675,3.085612169402773,1.2700832207065331,1.4648000976910736,2.5607198942947016,1.3233695306074291,2.571343474502311,0.0,0.3343915523195668,0.3121861035468836,0.6008333333333333,0.2389255166053772,0.25757327675819397,15.459139100014
11,1011,M0 Raw Quantile,0.22583333333333333,0.6545190222592403,0.6941754072904587,0.301,0.136,0.8798687011897564,0.42517828349024056,0.48322923967555104,0.6741666666666667,0.16499999999999998,4.516770760324449,10.646653679126121,0.2625,0.6644966718554497,1.4433010309018068,2.3025434685163932,3.5981245880900072,2.049906927927815,3.653262427473519,0.0,0.3125179673494646,0.36385927459480466,0.23541666666666666,0.2997848093509674,0.2799106538295746,15.578666999994311
11,1011,M1 Standard CQR,0.8995833333333333,3.541121084062854,3.5807774690940724,1.0,0.774,3.7664707629933707,3.3117803452938546,0.8792794511596965,0.0004166666666667318,0.22599999999999998,4.120720548840303,4.649751629804107,0.9625,3.551098733659064,1.4433010309018068,2.3025434685163932,3.5981245880900072,2.049906927927815,3.653262427473519,0.0,0.3125179673494646,0.36385927459480466,0.23541666666666666,0.2997848093509674,0.2799106538295746,15.580053300014697
11,1011,M2 Scaled Additive CQR,0.9166666666666666,4.165892978675755,4.563361921976673,0.956,0.92,3.876999470525661,4.646710391439412,1.1985326350352559,0.016666666666666607,0.03599999999999992,3.8014673649647444,4.806020236795295,0.81,3.686083217141844,1.4433010309018068,2.3025434685163932,3.5981245880900072,2.049906927927815,3.653262427473519,0.0,0.3125179673494646,0.36385927459480466,0.23541666666666666,0.2997848093509674,0.2799106538295746,15.580600100016454
11,1011,M3 Replacement CQR,0.8945833333333333,5.487132444323362,6.229794385401483,0.88,0.966,4.683538036229634,6.596878054515308,1.4085244965419264,0.005416666666666736,0.08599999999999997,3.5914755034580734,6.1233248352908705,0.7525,4.721754439077818,1.4433010309018068,2.3025434685163932,3.5981245880900072,2.049906927927815,3.653262427473519,0.0,0.3125179673494646,0.36385927459480466,0.23541666666666666,0.2997848093509674,0.2799106538295746,15.581434199993964
11,1011,Oracle Additive CQR,0.9033333333333333,3.114407335772618,3.1068998915964166,0.88,0.914,1.6998314723608827,4.524992139345871,2.662023978801348,0.0033333333333332993,0.03400000000000003,2.337976021198652,3.6048223906407064,0.935,3.124384985368828,1.4433010309018068,2.3025434685163932,3.5981245880900072,2.049906927927815,3.653262427473519,0.0,0.3125179673494646,0.36385927459480466,0.23541666666666666,0.2997848093509674,0.2799106538295746,15.582077800005209
11,1011,Oracle Replacement CQR,0.8966666666666666,4.383914912968223,4.383914912968223,0.773,0.997,1.4613049709894073,7.30652485494704,5.000000000000003,0.0033333333333334103,0.22399999999999998,2.6645352591003757e-15,4.68737517037788,0.955,4.383914912968223,1.4433010309018068,2.3025434685163932,3.5981245880900072,2.049906927927815,3.653262427473519,0.0,0.3125179673494646,0.36385927459480466,0.23541666666666666,0.2997848093509674,0.2799106538295746,15.582651700009592
12,1012,M0 Raw Quantile,0.3566666666666667,0.7461192757574221,0.7161617241799831,0.447,0.252,0.6662171472832561,0.8167711555734277,1.2259833883053155,0.5433333333333333,0.195,3.7740166116946847,8.48592725052769,0.3925,0.769244897402823,1.1664465582574777,1.5906417106900177,2.7352945075769703,1.596174160402643,2.8318654333668944,0.0,0.28559208597161245,0.30501899523092035,0.35041666666666665,0.23438523709774017,0.23640865087509155,16.985932799987495
12,1012,M1 Standard CQR,0.885,3.0790123922723778,3.0490548406949385,1.0,0.753,2.999110263798211,3.1496642720883825,1.0501995575512795,0.015000000000000013,0.247,3.9498004424487205,4.359919907382113,0.9275,3.1021380139177785,1.1664465582574777,1.5906417106900177,2.7352945075769703,1.596174160402643,2.8318654333668944,0.0,0.28559208597161245,0.30501899523092035,0.35041666666666665,0.23438523709774017,0.23640865087509155,16.987168199993903
12,1012,M2 Scaled Additive CQR,0.89375,3.2282928478362614,3.5402274336227517,0.979,0.833,2.842857178155358,3.7575655271048176,1.3217567016655356,0.006249999999999978,0.14600000000000002,3.6782432983344644,4.140737177099159,0.8325,2.8687003238671287,1.1664465582574777,1.5906417106900177,2.7352945075769703,1.596174160402643,2.8318654333668944,0.0,0.28559208597161245,0.30501899523092035,0.35041666666666665,0.23438523709774017,0.23640865087509155,16.989259800000582
12,1012,M3 Replacement CQR,0.9075,4.2683878417941745,4.872280566432321,0.95,0.913,3.742987173921083,5.057039959598213,1.3510706087460493,0.007499999999999951,0.03699999999999992,3.648929391253951,4.928122739977156,0.7875,3.6102592169668046,1.1664465582574777,1.5906417106900177,2.7352945075769703,1.596174160402643,2.8318654333668944,0.0,0.28559208597161245,0.30501899523092035,0.35041666666666665,0.23438523709774017,0.23640865087509155,16.99055029998999
12,1012,Oracle Additive CQR,0.8879166666666667,2.6615282682405934,2.6535632175345745,0.895,0.872,1.3046868114443133,4.009119476378714,3.072859663493143,0.012083333333333335,0.02300000000000002,1.9271403365068571,3.3764186268643486,0.91,2.6846538898859946,1.1664465582574777,1.5906417106900177,2.7352945075769703,1.596174160402643,2.8318654333668944,0.0,0.28559208597161245,0.30501899523092035,0.35041666666666665,0.23438523709774017,0.23640865087509155,16.991534300002968
12,1012,Oracle Replacement CQR,0.8995833333333333,3.3982385200402736,3.398238520040273,0.804,0.977,1.1327461733467583,5.663730866733786,4.999999999999996,0.0004166666666667318,0.17299999999999993,4.440892098500626e-15,3.69382119276603,0.945,3.3982385200402736,1.1664465582574777,1.5906417106900177,2.7352945075769703,1.596174160402643,2.8318654333668944,0.0,0.28559208597161245,0.30501899523092035,0.35041666666666665,0.23438523709774017,0.23640865087509155,16.99267300000065
13,1013,M0 Raw Quantile,0.635,1.741036985789736,1.7452996373176575,0.809,0.454,1.9036236695051194,1.5801301263570786,0.8300643407989675,0.265,0.35500000000000004,4.169935659201032,5.909655500133404,0.6525,1.736837425082922,0.8087391912385213,1.141405398794387,3.667577271372632,1.06227043218207,4.67827641598173,0.0,0.33493659036394013,0.3471664138628587,0.6154166666666666,0.2105982005596161,0.1961885541677475,16.45811330000288
13,1013,M1 Standard CQR,0.9004166666666666,3.358515368266779,3.3627780197947,1.0,0.78,3.521102051982163,3.1976085088341226,0.9081271890526622,0.0004166666666666208,0.21999999999999997,4.091872810947338,4.488525535455923,0.9525,3.3543158075599653,0.8087391912385213,1.141405398794387,3.667577271372632,1.06227043218207,4.67827641598173,0.0,0.33493659036394013,0.3471664138628587,0.6154166666666666,0.2105982005596161,0.1961885541677475,16.461666100018192
13,1013,M2 Scaled Additive CQR,0.9045833333333333,3.4777098247897267,3.692337126122943,0.986,0.847,3.3738336545638274,3.689781827072974,1.0936466360994888,0.004583333333333273,0.139,3.9063533639005112,4.343412374670448,0.845,3.2072202446463547,0.8087391912385213,1.141405398794387,3.667577271372632,1.06227043218207,4.67827641598173,0.0,0.33493659036394013,0.3471664138628587,0.6154166666666666,0.2105982005596161,0.1961885541677475,16.465531000023475
13,1013,M3 Replacement CQR,0.8916666666666667,5.580297621558672,6.291889686457399,0.866,0.967,4.7240960407597905,6.7787576931305855,1.434932235636839,0.008333333333333304,0.10099999999999998,3.565067764363161,6.2308013779365155,0.7675,4.724651394626091,0.8087391912385213,1.141405398794387,3.667577271372632,1.06227043218207,4.67827641598173,0.0,0.33493659036394013,0.3471664138628587,0.6154166666666666,0.2105982005596161,0.1961885541677475,16.46679010000662
13,1013,Oracle Additive CQR,0.9145833333333333,3.0157615044082204,3.0161109917973477,0.968,0.854,2.3285318423779473,3.704670990721219,1.590990049308464,0.014583333333333282,0.11399999999999999,3.409009950691536,3.7805487366620913,0.9325,3.0115619437014063,0.8087391912385213,1.141405398794387,3.667577271372632,1.06227043218207,4.67827641598173,0.0,0.33493659036394013,0.3471664138628587,0.6154166666666666,0.2105982005596161,0.1961885541677475,16.467420400003903
13,1013,Oracle Replacement CQR,0.9129166666666667,5.613931699178077,5.613931699178076,0.796,1.0,1.871310566392693,9.356552831963459,4.9999999999999964,0.012916666666666687,0.20399999999999996,3.552713678800501e-15,5.823082152739701,0.9875,5.613931699178076,0.8087391912385213,1.141405398794387,3.667577271372632,1.06227043218207,4.67827641598173,0.0,0.33493659036394013,0.3471664138628587,0.6154166666666666,0.2105982005596161,0.1961885541677475,16.47020990002784
14,1014,M0 Raw Quantile,0.2704166666666667,0.5671729573483268,0.5868985205888748,0.432,0.099,0.7434500381350517,0.4047437288165093,0.5444128160001324,0.6295833333333334,0.33299999999999996,4.455587183999867,10.445085975006712,0.295,0.5325533267110586,1.5449114419443983,2.0404007599273957,2.6688422169375916,1.891275731019394,2.9686525019931387,0.0,0.3100268358512217,0.3261021260294235,0.28625,0.2850092947483063,0.27917754650115967,16.83668390000821
14,1014,M1 Standard CQR,0.9029166666666667,3.6569958412371246,3.6767214044776715,1.0,0.778,3.8332729220238497,3.4945666127053063,0.9116404398516668,0.0029166666666666785,0.22199999999999998,4.088359560148334,4.680201473450568,0.9725,3.6223762105998567,1.5449114419443983,2.0404007599273957,2.6688422169375916,1.891275731019394,2.9686525019931387,0.0,0.3100268358512217,0.3261021260294235,0.28625,0.2850092947483063,0.27917754650115967,16.837237300002016
14,1014,M2 Scaled Additive CQR,0.9025,3.683503781861181,4.014822284095496,0.985,0.856,3.3969375845558267,4.178085770089105,1.2299565906317407,0.0024999999999999467,0.129,3.7700434093682595,4.546780161358803,0.8125,3.163464304554758,1.5449114419443983,2.0404007599273957,2.6688422169375916,1.891275731019394,2.9686525019931387,0.0,0.3100268358512217,0.3261021260294235,0.28625,0.2850092947483063,0.27917754650115967,16.83776029999717
14,1014,M3 Replacement CQR,0.9025,4.076157698892342,4.527457554270317,0.937,0.913,3.4707591396201516,4.935527733802703,1.4220311854722534,0.0024999999999999467,0.02400000000000002,3.577968814527747,4.754121094008114,0.79,3.4412290097969156,1.5449114419443983,2.0404007599273957,2.6688422169375916,1.891275731019394,2.9686525019931387,0.0,0.3100268358512217,0.3261021260294235,0.28625,0.2850092947483063,0.27917754650115967,16.838308800011873
14,1014,Oracle Additive CQR,0.92125,2.8367038345715994,2.819452669223805,0.95,0.883,1.499960330542809,4.1872951908552976,2.791603954845919,0.02124999999999999,0.06699999999999995,2.208396045154081,3.435111534825707,0.945,2.8020842039343314,1.5449114419443983,2.0404007599273957,2.6688422169375916,1.891275731019394,2.9686525019931387,0.0,0.3100268358512217,0.3261021260294235,0.28625,0.2850092947483063,0.27917754650115967,16.83950050000567
14,1014,Oracle Replacement CQR,0.9108333333333334,3.5623830023917664,3.5623830023917664,0.817,0.979,1.187461000797256,5.937305003986277,4.999999999999998,0.010833333333333361,0.16200000000000003,1.7763568394002505e-15,3.8289748835728648,0.975,3.5623830023917664,1.5449114419443983,2.0404007599273957,2.6688422169375916,1.891275731019394,2.9686525019931387,0.0,0.3100268358512217,0.3261021260294235,0.28625,0.2850092947483063,0.27917754650115967,16.84192860001349
15,1015,M0 Raw Quantile,0.42583333333333334,0.8039687607732291,0.8021768890321255,0.616,0.234,0.8161459589451552,0.7807073691226541,0.9565781225354538,0.4741666666666667,0.382,4.043421877464546,7.949803063007946,0.43,0.8316792444698513,1.2059722509498436,1.4657483667361613,2.423780330064277,1.504986678961782,2.782717865890466,0.0,0.32307751334894436,0.3579924247313651,0.41625,0.23782864212989807,0.22301538288593292,16.285410800017416
15,1015,M1 Standard CQR,0.9008333333333334,3.215913262672916,3.2141213909318127,1.0,0.777,3.2280904608448435,3.192651871022342,0.9890218101839604,0.0008333333333333526,0.22299999999999998,4.01097818981604,4.417801784881047,0.9625,3.2436237463695385,1.2059722509498436,1.4657483667361613,2.423780330064277,1.504986678961782,2.782717865890466,0.0,0.32307751334894436,0.3579924247313651,0.41625,0.23782864212989807,0.22301538288593292,16.286590000003343
15,1015,M2 Scaled Additive CQR,0.8995833333333333,3.053142704250237,3.3331919971832296,0.992,0.818,2.7401657601321747,3.4931325549578855,1.2747887758401122,0.0004166666666667318,0.17400000000000004,3.725211224159888,4.085442975741847,0.8725,2.7356104377762698,1.2059722509498436,1.4657483667361613,2.423780330064277,1.504986678961782,2.782717865890466,0.0,0.32307751334894436,0.3579924247313651,0.41625,0.23782864212989807,0.22301538288593292,16.287262500001816
15,1015,M3 Replacement CQR,0.88125,3.7192629286237904,4.217982282342149,0.935,0.878,3.1815838615979195,4.485301134489868,1.4097698912255512,0.018750000000000044,0.05700000000000005,3.590230108774449,4.614973012931184,0.755,3.148365081523276,1.2059722509498436,1.4657483667361613,2.423780330064277,1.504986678961782,2.782717865890466,0.0,0.32307751334894436,0.3579924247313651,0.41625,0.23782864212989807,0.22301538288593292,16.288037599995732
15,1015,Oracle Additive CQR,0.9066666666666666,2.6099527755273675,2.6026798431919436,0.946,0.851,1.4181406305298678,3.7906807270462184,2.672993527891437,0.006666666666666599,0.09499999999999997,2.327006472108563,3.4108376673158407,0.9475,2.6376632592239897,1.2059722509498436,1.4657483667361613,2.423780330064277,1.504986678961782,2.782717865890466,0.0,0.32307751334894436,0.3579924247313651,0.41625,0.23782864212989807,0.22301538288593292,16.288735700014513
15,1015,Oracle Replacement CQR,0.9108333333333334,3.3392614390685584,3.339261439068559,0.83,0.97,1.1130871463561862,5.565435731780933,5.000000000000002,0.010833333333333361,0.14,1.7763568394002505e-15,3.6492175721064966,0.965,3.3392614390685593,1.2059722509498436,1.4657483667361613,2.423780330064277,1.504986678961782,2.782717865890466,0.0,0.32307751334894436,0.3579924247313651,0.41625,0.23782864212989807,0.22301538288593292,16.289350300008664
16,1016,M0 Raw Quantile,0.125,0.3985745871299878,0.2913632094860077,0.024,0.197,0.05810491400584578,0.7607846956066787,13.09329354708516,0.775,0.17300000000000001,8.09329354708516,11.127482041760604,0.1975,0.3442234987486154,1.2985326217241635,2.843879054327253,3.0125016745486515,2.9447830680610685,3.069045665937676,0.21541666666666667,0.305727730067714,0.3024368402438876,0.13125,0.30282485485076904,0.2881767749786377,16.77285209999536
16,1016,M1 Standard CQR,0.9125,2.9956398305783147,2.8884284529343347,0.999,0.821,2.655170157454173,3.357849939055006,1.264645856924882,0.012499999999999956,0.17800000000000005,3.735354143075118,3.913460259192157,0.925,2.9412887421969423,1.2985326217241635,2.843879054327253,3.0125016745486515,2.9447830680610685,3.069045665937676,0.21541666666666667,0.305727730067714,0.3024368402438876,0.13125,0.30282485485076904,0.2881767749786377,16.77351919998182
16,1016,M2 Scaled Additive CQR,0.8891666666666667,4.710375192331937,5.3087717117347095,0.877,0.953,3.8023423977055786,5.897535950733723,1.5510270601333622,0.010833333333333361,0.07599999999999996,3.4489729398666378,5.446729853799431,0.76,4.012555282893363,1.2985326217241635,2.843879054327253,3.0125016745486515,2.9447830680610685,3.069045665937676,0.21541666666666667,0.305727730067714,0.3024368402438876,0.13125,0.30282485485076904,0.2881767749786377,16.774178899999242
16,1016,M3 Replacement CQR,0.8983333333333333,4.56746095574149,5.240374070220478,0.905,0.945,3.9662452143983855,5.441325549433658,1.3719085067358896,0.0016666666666667052,0.039999999999999925,3.6280914932641104,5.298785016080093,0.765,3.88583882486883,1.2985326217241635,2.843879054327253,3.0125016745486515,2.9447830680610685,3.069045665937676,0.21541666666666667,0.305727730067714,0.3024368402438876,0.13125,0.30282485485076904,0.2881767749786377,16.77491799998097
16,1016,Oracle Additive CQR,0.8933333333333333,3.93231426880327,3.9312361584427293,0.772,0.997,1.2360181412302733,6.650350831728816,5.380463773055446,0.00666666666666671,0.22499999999999998,0.3804637730554461,4.264935732634425,0.9375,3.8779631804218972,1.2985326217241635,2.843879054327253,3.0125016745486515,2.9447830680610685,3.069045665937676,0.21541666666666667,0.305727730067714,0.3024368402438876,0.13125,0.30282485485076904,0.2881767749786377,16.77554949998739
16,1016,Oracle Replacement CQR,0.8941666666666667,3.6828547991252107,3.682854799125211,0.779,0.991,1.2276182663750708,6.138091331875354,5.0,0.005833333333333357,0.21199999999999997,0.0,4.003771701131424,0.94,3.6828547991252116,1.2985326217241635,2.843879054327253,3.0125016745486515,2.9447830680610685,3.069045665937676,0.21541666666666667,0.305727730067714,0.3024368402438876,0.13125,0.30282485485076904,0.2881767749786377,16.776154699997278
17,1017,M0 Raw Quantile,0.49,1.082081648297608,1.1041229516267776,0.671,0.292,1.1283130013048648,1.0397375784218312,0.9214974720839002,0.41000000000000003,0.37900000000000006,4.0785025279161,7.651020394217833,0.5325,1.0723634404689073,1.1388254418311314,1.422214306352233,2.852735606506096,1.3474748776695606,3.0585511132404646,0.0,0.3499608983261265,0.34993000571901334,0.48833333333333334,0.22343192994594574,0.20666269958019257,16.24229710001964
17,1017,M1 Standard CQR,0.89375,3.3597325319598697,3.3817738352890405,1.0,0.759,3.4059638849671265,3.3173884620840925,0.9739940217000014,0.006249999999999978,0.241,4.026005978299999,4.629385078483277,0.965,3.350014324131169,1.1388254418311314,1.422214306352233,2.852735606506096,1.3474748776695606,3.0585511132404646,0.0,0.3499608983261265,0.34993000571901334,0.48833333333333334,0.22343192994594574,0.20666269958019257,16.242945200006943
17,1017,M2 Scaled Additive CQR,0.9008333333333334,3.295194627773432,3.5047820542245187,0.994,0.825,2.9939008843124566,3.726459444272942,1.244683637925013,0.0008333333333333526,0.16900000000000004,3.755316362074987,4.278229385649606,0.8575,2.970266945177096,1.1388254418311314,1.422214306352233,2.852735606506096,1.3474748776695606,3.0585511132404646,0.0,0.3499608983261265,0.34993000571901334,0.48833333333333334,0.22343192994594574,0.20666269958019257,16.243540600000415
17,1017,M3 Replacement CQR,0.89625,4.439152502947656,4.896803887971041,0.921,0.927,3.7420724550101694,5.389136571934981,1.4401475751009571,0.003750000000000031,0.006000000000000005,3.559852424899043,5.113833790292239,0.7575,3.8068924503230583,1.1388254418311314,1.422214306352233,2.852735606506096,1.3474748776695606,3.0585511132404646,0.0,0.3499608983261265,0.34993000571901334,0.48833333333333334,0.22343192994594574,0.20666269958019257,16.24412790001952
17,1017,Oracle Additive CQR,0.8929166666666667,2.6990515015010805,2.6965428586413234,0.951,0.82,1.6673029523726897,3.734687333760953,2.239957248588944,0.00708333333333333,0.131,2.760042751411056,3.6559015963617973,0.93,2.68933329367238,1.1388254418311314,1.422214306352233,2.852735606506096,1.3474748776695606,3.0585511132404646,0.0,0.3499608983261265,0.34993000571901334,0.48833333333333334,0.22343192994594574,0.20666269958019257,16.24469030002365
17,1017,Oracle Replacement CQR,0.8783333333333333,3.6702613358885583,3.670261335888558,0.75,0.979,1.2234204452961859,6.117102226480929,5.0,0.021666666666666723,0.22899999999999998,0.0,3.998027730533131,0.9475,3.6702613358885583,1.1388254418311314,1.422214306352233,2.852735606506096,1.3474748776695606,3.0585511132404646,0.0,0.3499608983261265,0.34993000571901334,0.48833333333333334,0.22343192994594574,0.20666269958019257,16.245284100004937
18,1018,M0 Raw Quantile,0.6154166666666666,1.2397538617625832,1.2651834189891815,0.945,0.284,1.365924945384264,1.1143557099252939,0.8158249936725489,0.2845833333333334,0.661,4.184175006327451,7.353951978570876,0.62,1.2378215323016049,1.0794035780642877,1.3297580408305325,2.5260322996472127,1.125498239906229,2.4682390233467326,0.0,0.27956317018259214,0.30264911105584785,0.6258333333333334,0.21411189436912537,0.20870459079742432,15.833262500003912
18,1018,M1 Standard CQR,0.89125,3.3985610178911583,3.423990575117757,1.0,0.751,3.524732101512839,3.273162866053869,0.9286274167188494,0.008750000000000036,0.249,4.071372583281151,4.744353867534782,0.97,3.3966286884301797,1.0794035780642877,1.3297580408305325,2.5260322996472127,1.125498239906229,2.4682390233467326,0.0,0.27956317018259214,0.30264911105584785,0.6258333333333334,0.21411189436912537,0.20870459079742432,15.835764999996172
18,1018,M2 Scaled Additive CQR,0.8908333333333334,3.2919494082745047,3.5441991734696994,0.998,0.792,3.163731292726198,3.556231707324375,1.1240625003458995,0.009166666666666656,0.20599999999999996,3.8759374996541007,4.3421189134017455,0.87,2.9517889495205973,1.0794035780642877,1.3297580408305325,2.5260322996472127,1.125498239906229,2.4682390233467326,0.0,0.27956317018259214,0.30264911105584785,0.6258333333333334,0.21411189436912537,0.20870459079742432,15.836622500006342
18,1018,M3 Replacement CQR,0.9008333333333334,3.898387583686684,4.420914511480583,0.963,0.901,3.415145283919555,4.638631579404324,1.3582530738137666,0.0008333333333333526,0.061999999999999944,3.6417469261862334,4.63273812142477,0.745,3.255883343810404,1.0794035780642877,1.3297580408305325,2.5260322996472127,1.125498239906229,2.4682390233467326,0.0,0.27956317018259214,0.30264911105584785,0.6258333333333334,0.21411189436912537,0.20870459079742432,15.83754389997921
18,1018,Oracle Additive CQR,0.8891666666666667,2.5903517496500577,2.601923510088441,0.994,0.761,1.8161242413467553,3.3653521897377514,1.8530407298798892,0.010833333333333361,0.23299999999999998,3.146959270120111,3.8568866655981515,0.9475,2.5884194201890796,1.0794035780642877,1.3297580408305325,2.5260322996472127,1.125498239906229,2.4682390233467326,0.0,0.27956317018259214,0.30264911105584785,0.6258333333333334,0.21411189436912537,0.20870459079742432,15.83833830000367
18,1018,Oracle Replacement CQR,0.8758333333333334,2.9618868280160795,2.961886828016079,0.801,0.922,0.987295609338693,4.936478046693465,5.0,0.02416666666666667,0.121,0.0,3.4618175049394417,0.9475,2.961886828016079,1.0794035780642877,1.3297580408305325,2.5260322996472127,1.125498239906229,2.4682390233467326,0.0,0.27956317018259214,0.30264911105584785,0.6258333333333334,0.21411189436912537,0.20870459079742432,15.839486099983333
19,1019,M0 Raw Quantile,0.4195833333333333,0.690822340870897,0.6974629778414965,0.685,0.17,0.7352022129409015,0.6469962656311691,0.8800249159249705,0.4804166666666667,0.515,4.11997508407503,9.413340164998385,0.38,0.6894378487952053,1.493665890940032,1.6445206706183004,2.5734810621905324,1.616375038839949,2.4544033755882246,0.0,0.3130082246940234,0.3170952473912502,0.425,0.2497328370809555,0.23196826875209808,16.49388049999834
19,1019,M1 Standard CQR,0.9079166666666667,3.6781541227509624,3.6847947597215605,1.0,0.789,3.7225339948209673,3.6343280475112345,0.9763048645271069,0.007916666666666683,0.21099999999999997,4.023695135472893,4.826521062980736,0.975,3.6767696306752704,1.493665890940032,1.6445206706183004,2.5734810621905324,1.616375038839949,2.4544033755882246,0.0,0.3130082246940234,0.3170952473912502,0.425,0.2497328370809555,0.23196826875209808,16.49454670000705
19,1019,M2 Scaled Additive CQR,0.9016666666666666,3.301309179387367,3.6130946547216585,0.997,0.812,2.987505351596269,3.7803680776761266,1.26539290570851,0.0016666666666665941,0.18499999999999994,3.7346070942914897,4.385680110104624,0.8875,2.8881715031432136,1.493665890940032,1.6445206706183004,2.5734810621905324,1.616375038839949,2.4544033755882246,0.0,0.3130082246940234,0.3170952473912502,0.425,0.2497328370809555,0.23196826875209808,16.495141199993668
19,1019,M3 Replacement CQR,0.8995833333333333,4.085104287253469,4.7086104807515925,0.952,0.884,3.5245890046870794,4.903357655010553,1.3911856527072959,0.0004166666666667318,0.06799999999999995,3.608814347292704,4.859016015586199,0.8075,3.440759074276737,1.493665890940032,1.6445206706183004,2.5734810621905324,1.616375038839949,2.4544033755882246,0.0,0.3130082246940234,0.3170952473912502,0.425,0.2497328370809555,0.23196826875209808,16.495783599995775
19,1019,Oracle Additive CQR,0.9016666666666666,2.630472387478835,2.647229020452586,0.962,0.821,1.3817522284768808,3.8797463433110657,2.8078451862442435,0.0016666666666665941,0.14100000000000001,2.1921548137557565,3.625472507005261,0.9525,2.629087895403144,1.493665890940032,1.6445206706183004,2.5734810621905324,1.616375038839949,2.4544033755882246,0.0,0.3130082246940234,0.3170952473912502,0.425,0.2497328370809555,0.23196826875209808,16.496533099998487
19,1019,Oracle Replacement CQR,0.88875,2.945284050705869,2.9452840507058693,0.836,0.915,0.98176135023529,4.908806751176449,4.999999999999999,0.011249999999999982,0.07900000000000007,8.881784197001252e-16,3.4562416502489297,0.955,2.9452840507058693,1.493665890940032,1.6445206706183004,2.5734810621905324,1.616375038839949,2.4544033755882246,0.0,0.3130082246940234,0.3170952473912502,0.425,0.2497328370809555,0.23196826875209808,16.497180600010324
20,1020,M0 Raw Quantile,0.7025,1.6202447765444716,1.6717581301927567,0.999,0.363,1.6824080816209317,1.5607735686004163,0.9277021346073626,0.1975,0.636,4.072297865392637,6.713338853649851,0.81,1.61351453371346,1.0167729815516444,1.0943676879870077,2.429505932659596,1.0633159275233224,2.1613498532669353,0.0,0.30881162886431274,0.3045808317623898,0.7066666666666667,0.20692561566829681,0.20221400260925293,16.425361600006
20,1020,M1 Standard CQR,0.8975,3.653790739647761,3.7053040932960455,1.0,0.759,3.71595404472422,3.594319531703704,0.9672669490643437,0.0025000000000000577,0.241,4.032733050935656,4.894760016048234,0.9875,3.647060496816748,1.0167729815516444,1.0943676879870077,2.429505932659596,1.0633159275233224,2.1613498532669353,0.0,0.30881162886431274,0.3045808317623898,0.7066666666666667,0.20692561566829681,0.20221400260925293,16.428463100019144
20,1020,M2 Scaled Additive CQR,0.9091666666666667,3.3318956477629693,3.4782810513018516,1.0,0.798,3.149733850906309,3.6049258596201246,1.1445176101411991,0.009166666666666656,0.20199999999999996,3.8554823898588007,4.403461152768003,0.96,3.104724610261732,1.0167729815516444,1.0943676879870077,2.429505932659596,1.0633159275233224,2.1613498532669353,0.0,0.30881162886431274,0.3045808317623898,0.7066666666666667,0.20692561566829681,0.20221400260925293,16.431626900011906
20,1020,M3 Replacement CQR,0.9166666666666666,3.7998800512069533,4.174682460905879,0.991,0.87,3.257476167064475,4.5380361397796,1.3931141494334005,0.016666666666666607,0.121,3.6068858505665995,4.640915709952484,0.8475,3.310499540131531,1.0167729815516444,1.0943676879870077,2.429505932659596,1.0633159275233224,2.1613498532669353,0.0,0.30881162886431274,0.3045808317623898,0.7066666666666667,0.20692561566829681,0.20221400260925293,16.43475539999781
20,1020,Oracle Additive CQR,0.9016666666666666,2.8962238895724592,2.9169254741164092,1.0,0.77,2.1077344526302615,3.687405423647062,1.7494639417434745,0.0016666666666665941,0.22999999999999998,3.2505360582565253,4.048718851825182,0.985,2.8894936467414465,1.0167729815516444,1.0943676879870077,2.429505932659596,1.0633159275233224,2.1613498532669353,0.0,0.30881162886431274,0.3045808317623898,0.7066666666666667,0.20692561566829681,0.20221400260925293,16.435447399999248
20,1020,Oracle Replacement CQR,0.9075,2.593619823920322,2.5936198239203225,0.922,0.871,0.8645399413067737,4.32269970653387,5.000000000000002,0.007499999999999951,0.051000000000000045,1.7763568394002505e-15,3.293262944674321,0.9625,2.5936198239203225,1.0167729815516444,1.0943676879870077,2.429505932659596,1.0633159275233224,2.1613498532669353,0.0,0.30881162886431274,0.3045808317623898,0.7066666666666667,0.20692561566829681,0.20221400260925293,16.436673700023675
21,1021,M0 Raw Quantile,0.11,0.4256125956610777,0.4528348743915558,0.058,0.132,0.434153974942863,0.4273614194821566,0.9843545012766488,0.79,0.07400000000000001,4.015645498723352,11.342384902352292,0.185,0.39988708790391686,1.3150573868478521,2.4230385976140996,3.0151348203386643,2.718635746241712,3.7263160582693486,0.0,0.31803008607600347,0.36111586324918343,0.10458333333333333,0.3122221827507019,0.30509307980537415,16.494382799981395
21,1021,M1 Standard CQR,0.9066666666666666,3.055727369356782,3.08294964808726,1.0,0.804,3.0642687486385665,3.0574761931778602,0.9977833029613593,0.006666666666666599,0.19599999999999995,4.002216697038641,4.049539874421394,0.93,3.0300018615996214,1.3150573868478521,2.4230385976140996,3.0151348203386643,2.718635746241712,3.7263160582693486,0.0,0.31803008607600347,0.36111586324918343,0.10458333333333333,0.3122221827507019,0.30509307980537415,16.494848899979843
21,1021,M2 Scaled Additive CQR,0.9004166666666666,4.089913654758392,4.488804345317988,0.926,0.927,3.5705603790805744,4.8346633937281345,1.3540349078127252,0.0004166666666666208,0.0010000000000000009,3.645965092187275,4.852297903699613,0.77,3.526422496528578,1.3150573868478521,2.4230385976140996,3.0151348203386643,2.718635746241712,3.7263160582693486,0.0,0.31803008607600347,0.36111586324918343,0.10458333333333333,0.3122221827507019,0.30509307980537415,16.49534669998684
21,1021,M3 Replacement CQR,0.8954166666666666,4.5597134632387535,5.109957688799509,0.894,0.945,3.902821923332356,5.48427485199011,1.4052075548728746,0.004583333333333384,0.050999999999999934,3.5947924451271254,5.268419185036731,0.775,3.890538841126357,1.3150573868478521,2.4230385976140996,3.0151348203386643,2.718635746241712,3.7263160582693486,0.0,0.31803008607600347,0.36111586324918343,0.10458333333333333,0.3122221827507019,0.30509307980537415,16.495755599986296
21,1021,Oracle Additive CQR,0.91,3.687975491151133,3.703389555172447,0.814,0.991,1.5216082734395475,5.86463291196558,3.8542330600692396,0.010000000000000009,0.17700000000000005,1.1457669399307604,3.965647270653335,0.9475,3.6622499833939712,1.3150573868478521,2.4230385976140996,3.0151348203386643,2.718635746241712,3.7263160582693486,0.0,0.31803008607600347,0.36111586324918343,0.10458333333333333,0.3122221827507019,0.30509307980537415,16.496131899999455
21,1021,Oracle Replacement CQR,0.9029166666666667,4.471579269923219,4.471579269923218,0.779,0.999,1.4905264233077393,7.4526321165386955,4.999999999999999,0.0029166666666666785,0.21999999999999997,8.881784197001252e-16,4.706541889964908,0.9725,4.471579269923218,1.3150573868478521,2.4230385976140996,3.0151348203386643,2.718635746241712,3.7263160582693486,0.0,0.31803008607600347,0.36111586324918343,0.10458333333333333,0.3122221827507019,0.30509307980537415,16.496488300006604
22,1022,M0 Raw Quantile,0.595,1.093112733218198,1.1436139345169067,0.981,0.21,1.2803428741842509,0.9037145229354501,0.7058378979234268,0.30500000000000005,0.771,4.294162102076573,8.91223628017045,0.5925,1.0985329065099358,1.4840311194108426,1.5918042043857048,2.476124464779902,1.493484773194501,2.2265882194103592,0.0,0.34189659032412606,0.3518331921222894,0.5995833333333334,0.25475573539733887,0.2565452456474304,16.96655800001463
22,1022,M1 Standard CQR,0.9008333333333334,4.061174972039884,4.1116761733385925,1.0,0.77,4.248405113005938,3.8717767617571366,0.9113482963063474,0.0008333333333333526,0.22999999999999998,4.088651703693652,5.192942543393121,0.98,4.066595145331623,1.4840311194108426,1.5918042043857048,2.476124464779902,1.493484773194501,2.2265882194103592,0.0,0.34189659032412606,0.3518331921222894,0.5995833333333334,0.25475573539733887,0.2565452456474304,16.967487200017786
22,1022,M2 Scaled Additive CQR,0.8975,3.550822276501106,3.8512085625760695,1.0,0.792,3.360769827259162,3.890954552262736,1.1577569283987412,0.0025000000000000577,0.20799999999999996,3.842243071601259,4.671152295197794,0.905,3.175622710201893,1.4840311194108426,1.5918042043857048,2.476124464779902,1.493484773194501,2.2265882194103592,0.0,0.34189659032412606,0.3518331921222894,0.5995833333333334,0.25475573539733887,0.2565452456474304,16.968319700012216
22,1022,M3 Replacement CQR,0.9045833333333333,3.823079943298899,4.350533205338699,0.971,0.869,3.236199566192426,4.64678890683143,1.4358783541580669,0.004583333333333273,0.10199999999999998,3.564121645841933,4.746423763971716,0.8275,3.2310084772337517,1.4840311194108426,1.5918042043857048,2.476124464779902,1.493484773194501,2.2265882194103592,0.0,0.34189659032412606,0.3518331921222894,0.5995833333333334,0.25475573539733887,0.2565452456474304,16.96919540001545
22,1022,Oracle Additive CQR,0.8995833333333333,2.8852944610515996,2.820778397268902,1.0,0.778,1.8777367834620518,3.890684069324454,2.0720071650037433,0.0004166666666667318,0.22199999999999998,2.9279928349962567,4.029385578550867,0.9525,2.890714634343337,1.4840311194108426,1.5918042043857048,2.476124464779902,1.493484773194501,2.2265882194103592,0.0,0.34189659032412606,0.3518331921222894,0.5995833333333334,0.25475573539733887,0.2565452456474304,16.969886400009273
22,1022,Oracle Replacement CQR,0.8733333333333333,2.6719058632924315,2.671905863292431,0.883,0.845,0.8906352877641441,4.4531764388207185,4.999999999999997,0.026666666666666727,0.038000000000000034,2.6645352591003757e-15,3.4571217854591962,0.92,2.671905863292431,1.4840311194108426,1.5918042043857048,2.476124464779902,1.493484773194501,2.2265882194103592,0.0,0.34189659032412606,0.3518331921222894,0.5995833333333334,0.25475573539733887,0.2565452456474304,16.970729000022402
23,1023,M0 Raw Quantile,0.7104166666666667,1.5743429184767108,1.5585579127073288,0.975,0.426,1.5074821206331253,1.6305326720029116,1.0816265411613017,0.18958333333333333,0.5489999999999999,3.9183734588386985,6.071948229281775,0.76,1.601020529270172,0.8565729403480316,0.9758184363543299,2.6593975297032424,0.8861355984515269,2.6368097762375515,0.0,0.2932810364776903,0.316818668801247,0.7029166666666666,0.18603163957595825,0.1745164543390274,15.765035200020066
23,1023,M1 Standard CQR,0.8929166666666667,3.287488799172775,3.2717037934033915,1.0,0.756,3.220628001329188,3.3436785526989743,1.0382070053787653,0.00708333333333333,0.244,3.9617929946212347,4.6486148178416,0.9675,3.3141664099662353,0.8565729403480316,0.9758184363543299,2.6593975297032424,0.8861355984515269,2.6368097762375515,0.0,0.2932810364776903,0.316818668801247,0.7029166666666666,0.18603163957595825,0.1745164543390274,15.765788100019563
23,1023,M2 Scaled Additive CQR,0.8970833333333333,3.1346722923084758,3.364026435190648,0.999,0.79,2.8572764361946343,3.4865100683693053,1.220221475319586,0.0029166666666666785,0.20899999999999996,3.779778524680414,4.329921290859699,0.91,2.948567492441004,0.8565729403480316,0.9758184363543299,2.6593975297032424,0.8861355984515269,2.6368097762375515,0.0,0.2932810364776903,0.316818668801247,0.7029166666666666,0.18603163957595825,0.1745164543390274,15.766501900012372
23,1023,M3 Replacement CQR,0.8929166666666667,4.252364915131468,4.768128340528982,0.926,0.903,3.6785938189717915,5.058094333124087,1.3750075659448266,0.00708333333333333,0.02300000000000002,3.6249924340551734,5.042434389014315,0.785,3.6724691105491174,0.8565729403480316,0.9758184363543299,2.6593975297032424,0.8861355984515269,2.6368097762375515,0.0,0.2932810364776903,0.316818668801247,0.7029166666666666,0.18603163957595825,0.1745164543390274,15.767245800001547
23,1023,Oracle Additive CQR,0.8904166666666666,2.637705636618543,2.6168434923060317,0.997,0.761,1.8619363600137369,3.4028038689059668,1.8275618554872959,0.009583333333333388,0.236,3.172438144512704,3.956777788043762,0.9475,2.664383247412004,0.8565729403480316,0.9758184363543299,2.6593975297032424,0.8861355984515269,2.6368097762375515,0.0,0.2932810364776903,0.316818668801247,0.7029166666666666,0.18603163957595825,0.1745164543390274,15.767967300023884
23,1023,Oracle Replacement CQR,0.8904166666666666,3.164171731485062,3.1641717314850615,0.821,0.939,1.0547239104950206,5.273619552475102,4.999999999999999,0.009583333333333388,0.118,8.881784197001252e-16,3.632934853486845,0.9425,3.164171731485062,0.8565729403480316,0.9758184363543299,2.6593975297032424,0.8861355984515269,2.6368097762375515,0.0,0.2932810364776903,0.316818668801247,0.7029166666666666,0.18603163957595825,0.1745164543390274,15.768655699997908
24,1024,M0 Raw Quantile,0.5383333333333333,1.2246143947572758,1.2205747365951538,0.729,0.358,1.1949578225314617,1.2560160963684321,1.051096593273578,0.3616666666666667,0.371,3.948903406726422,6.556937532555323,0.5125,1.2202515712939204,0.9511669472522553,1.328378265699719,2.816218862294452,1.1598024899082633,3.223857836400764,0.0,0.3228044428825745,0.33343471453176116,0.5416666666666666,0.201530322432518,0.1781216859817505,15.562851599999703
24,1024,M1 Standard CQR,0.8975,3.126948289261787,3.1229086310996643,1.0,0.785,3.0972917170359713,3.1583499908729418,1.019713439809732,0.0025000000000000577,0.21499999999999997,3.980286560190268,4.174731143024418,0.9225,3.122585465798431,0.9511669472522553,1.328378265699719,2.816218862294452,1.1598024899082633,3.223857836400764,0.0,0.3228044428825745,0.33343471453176116,0.5416666666666666,0.201530322432518,0.1781216859817505,15.56359330000123
24,1024,M2 Scaled Additive CQR,0.8954166666666666,3.3241313579275884,3.5958835070246775,0.974,0.858,2.98822572873457,3.790361173268263,1.2684320119529173,0.004583333333333384,0.11599999999999999,3.7315679880470825,4.268481828473346,0.7925,2.998320892558447,0.9511669472522553,1.328378265699719,2.816218862294452,1.1598024899082633,3.223857836400764,0.0,0.3228044428825745,0.33343471453176116,0.5416666666666666,0.201530322432518,0.1781216859817505,15.56422809997457
24,1024,M3 Replacement CQR,0.9066666666666666,4.451065954675872,4.954450600284693,0.924,0.94,3.8018048269829805,5.372920194059976,1.4132551350153852,0.006666666666666599,0.015999999999999903,3.586744864984615,5.1258076150673455,0.78,3.7695831754478477,0.9511669472522553,1.328378265699719,2.816218862294452,1.1598024899082633,3.223857836400764,0.0,0.3228044428825745,0.33343471453176116,0.5416666666666666,0.201530322432518,0.1781216859817505,15.564816400001291
24,1024,Oracle Additive CQR,0.8954166666666666,2.6163773826471917,2.595241309322983,0.948,0.851,1.6588788184947676,3.575621076184957,2.1554444099957837,0.004583333333333384,0.09699999999999998,2.8445555900042163,3.4394069519265003,0.875,2.6120145591838355,0.9511669472522553,1.328378265699719,2.816218862294452,1.1598024899082633,3.223857836400764,0.0,0.3228044428825745,0.33343471453176116,0.5416666666666666,0.201530322432518,0.1781216859817505,15.565404599998146
24,1024,Oracle Replacement CQR,0.8920833333333333,3.8686294036809166,3.8686294036809166,0.774,0.992,1.2895431345603057,6.447715672801525,4.999999999999997,0.007916666666666683,0.21799999999999997,2.6645352591003757e-15,4.150078321000662,0.9375,3.8686294036809166,0.9511669472522553,1.328378265699719,2.816218862294452,1.1598024899082633,3.223857836400764,0.0,0.3228044428825745,0.33343471453176116,0.5416666666666666,0.201530322432518,0.1781216859817505,15.565976199985016
25,1025,M0 Raw Quantile,0.42541666666666667,0.6797127103153616,0.6768536418676376,0.699,0.151,0.6875083848647773,0.6716440733969211,0.9769249192924732,0.47458333333333336,0.5479999999999999,4.023075080707526,9.32386052865894,0.4275,0.6803951162379235,1.3480614339176369,1.691538224645334,2.4690191704855025,1.4908742728103923,2.2082555520097604,0.0,0.3243690660230866,0.32555342733430226,0.45,0.25572916865348816,0.24313025176525116,15.939467799995327
25,1025,M1 Standard CQR,0.89125,3.3758355781506357,3.3729765097029114,1.0,0.744,3.38363125270005,3.367766941232194,0.9953114537953281,0.008750000000000036,0.256,4.0046885462046715,4.812617276997693,0.9875,3.376517984073197,1.3480614339176369,1.691538224645334,2.4690191704855025,1.4908742728103923,2.2082555520097604,0.0,0.3243690660230866,0.32555342733430226,0.45,0.25572916865348816,0.24313025176525116,15.940384099987568
25,1025,M2 Scaled Additive CQR,0.8870833333333333,3.300789847279521,3.6861485293846483,0.995,0.79,2.9273392656202724,3.8262653423376136,1.3070795678774418,0.012916666666666687,0.20499999999999996,3.692920432122558,4.458895781051588,0.86,2.920727563782411,1.3480614339176369,1.691538224645334,2.4690191704855025,1.4908742728103923,2.2082555520097604,0.0,0.3243690660230866,0.32555342733430226,0.45,0.25572916865348816,0.24313025176525116,15.94114609999815
25,1025,M3 Replacement CQR,0.8966666666666666,3.8258016308455853,4.384353981600141,0.968,0.86,3.2693233310706074,4.6045784098487985,1.4084194016811835,0.0033333333333334103,0.10799999999999998,3.5915805983188163,4.65019705484312,0.81,3.2700554327749956,1.3480614339176369,1.691538224645334,2.4690191704855025,1.4908742728103923,2.2082555520097604,0.0,0.3243690660230866,0.32555342733430226,0.45,0.25572916865348816,0.24313025176525116,15.941972700005863
25,1025,Oracle Additive CQR,0.89625,2.4687618376878326,2.4737781074368628,0.982,0.791,1.2838580939889341,3.6533926190177053,2.8456358503506034,0.003750000000000031,0.19099999999999995,2.1543641496493966,3.660821114700769,0.945,2.4694442436103943,1.3480614339176369,1.691538224645334,2.4690191704855025,1.4908742728103923,2.2082555520097604,0.0,0.3243690660230866,0.32555342733430226,0.45,0.25572916865348816,0.24313025176525116,15.9428457999893
25,1025,Oracle Replacement CQR,0.8625,2.6499066624117122,2.6499066624117127,0.834,0.861,0.8833022208039037,4.416511104019521,5.000000000000003,0.03749999999999998,0.027000000000000024,2.6645352591003757e-15,3.416554261738895,0.9375,2.6499066624117127,1.3480614339176369,1.691538224645334,2.4690191704855025,1.4908742728103923,2.2082555520097604,0.0,0.3243690660230866,0.32555342733430226,0.45,0.25572916865348816,0.24313025176525116,15.943546399998013
26,1026,M0 Raw Quantile,0.5545833333333333,0.8262922921062757,0.8537967801094055,0.909,0.211,0.9220698610842228,0.7240764915347099,0.7852729192160115,0.3454166666666667,0.6980000000000001,4.214727080783988,7.997286244141472,0.5275,0.8423878710903228,1.3946780057531203,1.489194179267792,2.3675147099563865,1.4176767300810393,2.139514291080936,0.0,0.32744390705565524,0.34996841908615667,0.5529166666666666,0.22897084057331085,0.23589880764484406,15.350291500013554
26,1026,M1 Standard CQR,0.9066666666666666,3.615648303612517,3.643152791615646,1.0,0.785,3.7114258725904645,3.513432503040951,0.9466530179110596,0.006666666666666599,0.21499999999999997,4.05334698208894,4.634626252172696,0.9775,3.6317438825965644,1.3946780057531203,1.489194179267792,2.3675147099563865,1.4176767300810393,2.139514291080936,0.0,0.32744390705565524,0.34996841908615667,0.5529166666666666,0.22897084057331085,0.23589880764484406,15.35130469998694
26,1026,M2 Scaled Additive CQR,0.8954166666666666,3.0802336656024036,3.315141488303835,1.0,0.78,2.861244323372268,3.4442988051090886,1.203776544692147,0.004583333333333384,0.21999999999999997,3.796223455307853,4.203759614390422,0.9225,2.7175441724110323,1.3946780057531203,1.489194179267792,2.3675147099563865,1.4176767300810393,2.139514291080936,0.0,0.32744390705565524,0.34996841908615667,0.5529166666666666,0.22897084057331085,0.23589880764484406,15.352394599991385
26,1026,M3 Replacement CQR,0.90375,3.5833066173782058,4.087877455500047,0.99,0.851,3.0828914916226915,4.324598115811492,1.4027733793300727,0.003750000000000031,0.139,3.597226620669927,4.402147121669346,0.82,2.981115685683774,1.3946780057531203,1.489194179267792,2.3675147099563865,1.4176767300810393,2.139514291080936,0.0,0.32744390705565524,0.34996841908615667,0.5529166666666666,0.22897084057331085,0.23589880764484406,15.353323499992257
26,1026,Oracle Additive CQR,0.9045833333333333,2.5275043682035228,2.5621564142401194,0.994,0.793,1.4891405531166388,3.55942995169679,2.3902578868376256,0.004583333333333273,0.20099999999999996,2.6097421131623744,3.5220556013817075,0.96,2.54359994718757,1.3946780057531203,1.489194179267792,2.3675147099563865,1.4176767300810393,2.139514291080936,0.0,0.32744390705565524,0.34996841908615667,0.5529166666666666,0.22897084057331085,0.23589880764484406,15.35404129998642
26,1026,Oracle Replacement CQR,0.9079166666666667,2.567417149297123,2.567417149297123,0.909,0.886,0.8558057164323748,4.279028582161872,4.999999999999997,0.007916666666666683,0.02300000000000002,2.6645352591003757e-15,3.107787995632525,0.96,2.567417149297123,1.3946780057531203,1.489194179267792,2.3675147099563865,1.4176767300810393,2.139514291080936,0.0,0.32744390705565524,0.34996841908615667,0.5529166666666666,0.22897084057331085,0.23589880764484406,15.355053700011922
27,1027,M0 Raw Quantile,0.6133333333333333,1.1861340462540586,1.198444351553917,0.937,0.272,1.233222076267004,1.138346016317606,0.9230665248577203,0.28666666666666674,0.665,4.07693347514228,7.647067569187499,0.6575,1.187884046062827,1.1634305294295455,1.3498559570544264,2.4903546100647165,1.1850171520949893,2.4086842558125445,0.0,0.3211199334300676,0.27035359474210713,0.615,0.22426243126392365,0.2170732468366623,16.462255500024185
27,1027,M1 Standard CQR,0.895,3.5129951051131503,3.525305410413008,1.0,0.757,3.5600831351260966,3.4652070751766977,0.9733500437073253,0.0050000000000000044,0.243,4.026649956292674,4.866508372110275,0.9775,3.5147451049219183,1.1634305294295455,1.3498559570544264,2.4903546100647165,1.1850171520949893,2.4086842558125445,0.0,0.3211199334300676,0.27035359474210713,0.615,0.22426243126392365,0.2170732468366623,16.462901200022316
27,1027,M2 Scaled Additive CQR,0.89875,3.2821599955634566,3.4937125956013344,1.0,0.791,3.0261359179620833,3.6625359571744958,1.2103012080306654,0.0012499999999999734,0.20899999999999996,3.7896987919693346,4.397119836669976,0.915,2.9712802855392932,1.1634305294295455,1.3498559570544264,2.4903546100647165,1.1850171520949893,2.4086842558125445,0.0,0.3211199334300676,0.27035359474210713,0.615,0.22426243126392365,0.2170732468366623,16.46480730001349
27,1027,M3 Replacement CQR,0.9025,3.866966588841351,4.356803675229118,0.965,0.879,3.307753859054275,4.656888035379084,1.4078701843644865,0.0024999999999999467,0.08599999999999997,3.5921298156355137,4.744738392064496,0.805,3.290194796964713,1.1634305294295455,1.3498559570544264,2.4903546100647165,1.1850171520949893,2.4086842558125445,0.0,0.3211199334300676,0.27035359474210713,0.615,0.22426243126392365,0.2170732468366623,16.46548900002381
27,1027,Oracle Additive CQR,0.8929166666666667,2.6081546287680455,2.6159272324611536,0.997,0.763,1.7072289371049996,3.5083803205075847,2.055014558537681,0.00708333333333333,0.23399999999999999,2.944985441462319,3.9402841407188514,0.9575,2.6099046285768144,1.1634305294295455,1.3498559570544264,2.4903546100647165,1.1850171520949893,2.4086842558125445,0.0,0.3211199334300676,0.27035359474210713,0.615,0.22426243126392365,0.2170732468366623,16.466978100012057
27,1027,Oracle Replacement CQR,0.8920833333333333,2.8904211069750536,2.8904211069750536,0.849,0.91,0.963473702325018,4.81736851162509,5.0,0.007916666666666683,0.061000000000000054,0.0,3.462761812380085,0.955,2.890421106975053,1.1634305294295455,1.3498559570544264,2.4903546100647165,1.1850171520949893,2.4086842558125445,0.0,0.3211199334300676,0.27035359474210713,0.615,0.22426243126392365,0.2170732468366623,16.46757290000096
28,1028,M0 Raw Quantile,0.21666666666666667,0.6086898208541485,0.6264947280287743,0.227,0.175,0.5757302331216634,0.6452936672400683,1.1208264393919796,0.6833333333333333,0.05200000000000002,3.87917356060802,10.636263549117402,0.295,0.599579174220562,1.6140022664262461,2.1392049830745403,3.1184708206177323,2.1414653224419586,3.1515501700164057,0.0,0.3506964544693617,0.3244039243351767,0.19458333333333333,0.2941897213459015,0.2948419153690338,16.738291999994544
28,1028,M1 Standard CQR,0.91625,3.8366943537066405,3.8544992608812665,1.0,0.813,3.8037347659741565,3.8732982000925613,1.0182881926312728,0.016249999999999987,0.18700000000000006,3.981711807368727,4.7826439322582095,0.965,3.8275837070730545,1.6140022664262461,2.1392049830745403,3.1184708206177323,2.1414653224419586,3.1515501700164057,0.0,0.3506964544693617,0.3244039243351767,0.19458333333333333,0.2941897213459015,0.2948419153690338,16.739751100016292
28,1028,M2 Scaled Additive CQR,0.90375,3.945276557890054,4.294223160839714,0.96,0.887,3.3815169649669556,4.722806677162326,1.3966532553559072,0.003750000000000031,0.07299999999999995,3.6033467446440928,4.733705821491067,0.805,3.410850242017122,1.6140022664262461,2.1392049830745403,3.1184708206177323,2.1414653224419586,3.1515501700164057,0.0,0.3506964544693617,0.3244039243351767,0.19458333333333333,0.2941897213459015,0.2948419153690338,16.741265999997267
28,1028,M3 Replacement CQR,0.8970833333333333,4.863979124128676,5.402606197830016,0.915,0.931,4.090194311140985,5.944079900120853,1.4532512267033872,0.0029166666666666785,0.016000000000000014,3.5467487732966125,5.551811626282376,0.7675,4.098189216617465,1.6140022664262461,2.1392049830745403,3.1184708206177323,2.1414653224419586,3.1515501700164057,0.0,0.3506964544693617,0.3244039243351767,0.19458333333333333,0.2941897213459015,0.2948419153690338,16.742743100010557
28,1028,Oracle Additive CQR,0.92,3.178448207784499,3.157668219527129,0.911,0.924,1.4323163620984467,4.928224312123986,3.4407372857933303,0.020000000000000018,0.013000000000000012,1.5592627142066697,3.6506817477286018,0.9325,3.1693375611509125,1.6140022664262461,2.1392049830745403,3.1184708206177323,2.1414653224419586,3.1515501700164057,0.0,0.3506964544693617,0.3244039243351767,0.19458333333333333,0.2941897213459015,0.2948419153690338,16.744180100009544
28,1028,Oracle Replacement CQR,0.9008333333333334,3.781860204019687,3.7818602040196865,0.811,0.976,1.2606200680065631,6.303100340032811,4.9999999999999964,0.0008333333333333526,0.16499999999999992,3.552713678800501e-15,4.0767691216058495,0.9375,3.781860204019687,1.6140022664262461,2.1392049830745403,3.1184708206177323,2.1414653224419586,3.1515501700164057,0.0,0.3506964544693617,0.3244039243351767,0.19458333333333333,0.2941897213459015,0.2948419153690338,16.745060100016417
29,1029,M0 Raw Quantile,0.7020833333333333,1.7306780700633924,1.7628124356269836,0.988,0.369,1.8557471922636033,1.6018894805312156,0.8632045826119574,0.19791666666666674,0.619,4.136795417388043,7.1400897122072715,0.82,1.7399767383933067,1.1674093201756672,1.1936528774741082,2.6864854968600094,1.1674093201756672,2.940033790526839,0.0,0.3310595975033758,0.27059592512847824,0.7070833333333333,0.2202022522687912,0.21258728206157684,15.240455799998017
29,1029,M1 Standard CQR,0.9025,4.065496710414728,4.0976310759783185,1.0,0.769,4.190565832614939,3.9367081208825514,0.9394216146763219,0.0024999999999999467,0.23099999999999998,4.060578385323678,5.273462714405215,0.9925,4.074795378744643,1.1674093201756672,1.1936528774741082,2.6864854968600094,1.1674093201756672,2.940033790526839,0.0,0.3310595975033758,0.27059592512847824,0.7070833333333333,0.2202022522687912,0.21258728206157684,15.241072000004351
29,1029,M2 Scaled Additive CQR,0.9054166666666666,3.609449705406435,3.775786391515244,1.0,0.782,3.455156958240099,3.870715760311169,1.120272047578046,0.005416666666666625,0.21799999999999997,3.8797279524219537,4.676580748488515,0.9775,3.342016436060442,1.1674093201756672,1.1936528774741082,2.6864854968600094,1.1674093201756672,2.940033790526839,0.0,0.3310595975033758,0.27059592512847824,0.7070833333333333,0.2202022522687912,0.21258728206157684,15.24158639999223
29,1029,M3 Replacement CQR,0.9054166666666666,4.228442661606643,4.760145753259579,0.943,0.894,3.5996990590133433,5.106316091175262,1.4185397188660747,0.005416666666666625,0.04899999999999993,3.5814602811339253,5.001514922608958,0.84,3.605618094168344,1.1674093201756672,1.1936528774741082,2.6864854968600094,1.1674093201756672,2.940033790526839,0.0,0.3310595975033758,0.27059592512847824,0.7070833333333333,0.2202022522687912,0.21258728206157684,15.241971300012665
29,1029,Oracle Additive CQR,0.90125,3.1315692542741935,3.157080947756791,0.999,0.769,2.3227109203338716,3.9367081208825514,1.69487648523936,0.0012499999999999734,0.22999999999999998,3.30512351476064,4.342249155521495,0.9875,3.140867922604108,1.1674093201756672,1.1936528774741082,2.6864854968600094,1.1674093201756672,2.940033790526839,0.0,0.3310595975033758,0.27059592512847824,0.7070833333333333,0.2202022522687912,0.21258728206157684,15.242343299993081
29,1029,Oracle Replacement CQR,0.9058333333333334,3.528040548632208,3.528040548632207,0.828,0.958,1.176013516210736,5.880067581053679,5.0,0.005833333333333357,0.13,0.0,3.8626382889452953,0.97,3.5280405486322075,1.1674093201756672,1.1936528774741082,2.6864854968600094,1.1674093201756672,2.940033790526839,0.0,0.3310595975033758,0.27059592512847824,0.7070833333333333,0.2202022522687912,0.21258728206157684,15.243046899995534
